title,score
"Stunt Man, The (1980)",0.41294536479215993
Ernest & Célestine (Ernest et Célestine) (2012),0.3985973871573371
What Happened Was... (1994),0.3880167461071893
"Rules of Attraction, The (2002)",0.3880167461071893
Casanova (2005),0.38686124826465074
