title,score
"Hunting Party, The (2007)",0.35893729374907923
Bronson (2009),0.35205477399249996
"Protector, The (1985)",0.35205477399249996
"Stunt Man, The (1980)",0.3499204470635585
Dragonheart 2: A New Beginning (2000),0.34150359349729925
