title,score
Another 48 Hrs. (1990),0.3399896851655801
Money Train (1995),0.3399896851655801
Wasabi (2001),0.3399896851655801
"Last Boy Scout, The (1991)",0.3399896851655801
Bad Boys (1995),0.3399896851655801
