title,score
"Stunt Man, The (1980)",0.3642254386866863
Casanova (2005),0.34474775024255133
"Hunting Party, The (2007)",0.34069219973200465
Dragonheart 2: A New Beginning (2000),0.33954885539302365
Click (2006),0.3325972142544497
