title,score
"Stunt Man, The (1980)",0.4145873086873754
"Hunting Party, The (2007)",0.41419932286097216
Born to Be Wild (1995),0.4103452566845284
"Adventures of Huck Finn, The (1993)",0.4103452566845284
For the Love of Benji (1977),0.4103452566845284
